EnglishProductName,ProductKey,NumberOfSold,UnitPrice,TotalIncome
"Road-150 Red, 48",312,337,"3578,27",1205877
"Road-150 Red, 62",310,336,"3578,27",1202299
"Road-150 Red, 52",313,302,"3578,27",1080638
"Road-150 Red, 56",314,295,"3578,27",1055590
"Road-150 Red, 44",311,281,"3578,27",1005494
"Mountain-200 Black, 42",361,427,"2294,99",979961
"Mountain-200 Silver, 38",353,422,"2319,99",979036
"Mountain-200 Black, 46",363,419,"2294,99",961601
"Mountain-200 Black, 38",359,416,"2294,99",954716
"Mountain-200 Silver, 46",357,401,"2319,99",930316
"Mountain-200 Silver, 42",355,392,"2319,99",909436
"Touring-1000 Blue, 46",573,177,"2384,07",421980
"Road-350-W Yellow, 40",580,246,"1700,99",418444
"Mountain-200 Black, 46",362,201,"2049,0982",411869
"Touring-1000 Yellow, 46",561,172,"2384,07",410060
"Road-350-W Yellow, 42",581,235,"1700,99",399733
"Road-250 Red, 48",369,162,"2443,35",395823
"Road-350-W Yellow, 48",583,232,"1700,99",394630
"Road-250 Black, 48",376,157,"2443,35",383606
"Mountain-200 Black, 42",360,187,"2049,0982",383181
"Touring-1000 Blue, 54",575,160,"2384,07",381451
"Touring-1000 Yellow, 54",563,158,"2384,07",376683
"Road-250 Red, 58",371,172,"2181,5625",375229
"Road-250 Black, 52",377,172,"2181,5625",375229
"Mountain-200 Silver, 46",356,179,"2071,4196",370784
"Road-350-W Yellow, 44",582,216,"1700,99",367414
"Mountain-200 Silver, 38",352,174,"2071,4196",360427
"Touring-1000 Yellow, 50",562,151,"2384,07",359995
"Road-250 Black, 52",378,147,"2443,35",359172
"Touring-1000 Blue, 50",574,150,"2384,07",357611
"Road-250 Red, 44",368,144,"2443,35",351842
"Touring-1000 Blue, 60",576,147,"2384,07",350458
"Mountain-200 Silver, 42",354,168,"2071,4196",347998
"Road-250 Black, 44",374,142,"2443,35",346956
"Mountain-200 Black, 38",358,166,"2049,0982",340150
"Touring-1000 Yellow, 60",564,140,"2384,07",333770
"Road-250 Red, 58",372,134,"2443,35",327409
"Road-250 Red, 52",370,133,"2443,35",324966
"Road-250 Black, 58",379,144,"2181,5625",314145
"Road-250 Black, 58",380,126,"2443,35",307862
"Road-250 Black, 48",375,141,"2181,5625",307600
"Road-250 Black, 44",373,129,"2181,5625",281422
"Road-550-W Yellow, 42",386,237,"1120,49",265556
"Road-550-W Yellow, 44",388,210,"1120,49",235303
"Road-550-W Yellow, 40",384,199,"1120,49",222978
"Road-550-W Yellow, 38",382,198,"1120,49",221857
"Road-550-W Yellow, 48",390,189,"1120,49",211773
"Road-750 Black, 52",606,386,"539,99",208436
"Mountain-100 Black, 44",350,60,"3374,99",202499
"Mountain-100 Silver, 38",344,58,"3399,99",197199
"Road-750 Black, 48",605,363,"539,99",196016
"Road-750 Black, 44",604,360,"539,99",194396
"Mountain-100 Black, 48",351,57,"3374,99",192374
"Road-750 Black, 58",584,334,"539,99",180357
"Mountain-100 Silver, 44",346,49,"3399,99",166600
"Mountain-100 Black, 38",348,49,"3374,99",165375
"Mountain-100 Black, 42",349,45,"3374,99",151875
"Mountain-100 Silver, 42",345,42,"3399,99",142800
"Touring-2000 Blue, 50",578,106,"1214,85",128774
"Mountain-100 Silver, 48",347,36,"3399,99",122400
"Touring-2000 Blue, 46",577,97,"1214,85",117840
"Mountain-400-W Silver, 38",587,148,"769,49",113885
"Touring-2000 Blue, 54",579,88,"1214,85",106907
"Mountain-400-W Silver, 46",590,138,"769,49",106190
"Mountain-400-W Silver, 42",589,129,"769,49",99264
"Mountain-400-W Silver, 40",588,128,"769,49",98495
"Touring-2000 Blue, 60",560,81,"1214,85",98403
"Sport-100 Helmet, Red",214,2230,"34,99",78028
"Road-550-W Yellow, 44",387,77,"1000,4375",77034
"Sport-100 Helmet, Blue",222,2125,"34,99",74354
"Sport-100 Helmet, Black",217,2085,"34,99",72954
"Road-550-W Yellow, 38",381,72,"1000,4375",72032
"Road-550-W Yellow, 48",389,72,"1000,4375",72032
"Road-550-W Yellow, 42",385,69,"1000,4375",69030
"Road-550-W Yellow, 40",383,67,"1000,4375",67029
HL Mountain Tire,537,1396,"35,00",48860
"Road-650 Red, 48",329,62,"782,99",48545
"Touring-3000 Blue, 62",567,64,"742,35",47510
Fender Set - Mountain,485,2121,"21,98",46620
"Road-650 Red, 62",325,59,"782,99",46196
"Road-650 Black, 58",333,58,"782,99",45413
"Road-650 Black, 52",343,56,"782,99",43847
"Touring-3000 Yellow, 44",568,59,"742,35",43799
"Touring-3000 Yellow, 50",569,59,"742,35",43799
"Road-650 Red, 58",321,55,"782,99",43064
"Touring-3000 Blue, 58",566,57,"742,35",42314
"Touring-3000 Blue, 54",565,55,"742,35",40829
Hydration Pack - 70 oz.,487,733,"54,99",40308
All-Purpose Bike Stand,486,249,"159,00",39591
Hitch Rack - 4-Bike,483,328,"120,00",39360
"Touring-3000 Blue, 44",585,53,"742,35",39345
"Road-650 Red, 44",327,50,"782,99",39150
"Road-650 Black, 60",335,48,"782,99",37584
"Touring-3000 Yellow, 62",572,50,"742,35",37118
"Touring-3000 Yellow, 54",570,48,"742,35",35633
"Touring-3000 Blue, 50",586,48,"742,35",35633
"Touring-3000 Yellow, 58",571,47,"742,35",34890
ML Mountain Tire,536,1161,"29,99",34818
"Road-650 Black, 62",337,43,"782,99",33669
"Road-650 Black, 48",341,43,"782,99",33669
"Road-650 Black, 44",339,42,"782,99",32886
"Road-650 Red, 52",331,41,"782,99",32103
"Mountain-500 Black, 44",598,58,"539,99",31319
"Mountain-500 Black, 48",599,56,"539,99",30239
"Mountain-500 Silver, 48",594,50,"564,99",28250
"Road-650 Red, 60",323,36,"782,99",28188
HL Road Tire,540,858,"32,60",27971
"Mountain-500 Silver, 52",595,48,"564,99",27120
Touring Tire,541,935,"28,99",27106
"Mountain-500 Black, 42",597,49,"539,99",26460
"Mountain-500 Black, 40",596,48,"539,99",25920
"Mountain-500 Silver, 40",591,45,"564,99",25425
"Mountain-500 Silver, 42",592,45,"564,99",25425
"Women's Mountain Shorts, L",476,363,"69,99",25406
"Women's Mountain Shorts, M",475,352,"69,99",24636
ML Road Tire,539,926,"24,99",23141
"Road-650 Black, 52",342,33,"699,0982",23070
"Long-Sleeve Logo Jersey, L",234,452,"49,99",22595
LL Road Tire,538,1044,"21,49",22436
"Mountain-500 Black, 52",600,41,"539,99",22140
"Long-Sleeve Logo Jersey, M",231,442,"49,99",22096
"Short-Sleeve Classic Jersey, XL",491,409,"53,99",22082
"Mountain-500 Silver, 44",593,39,"564,99",22035
"Short-Sleeve Classic Jersey, M",489,407,"53,99",21974
"Short-Sleeve Classic Jersey, S",488,406,"53,99",21920
LL Mountain Tire,535,862,"24,99",21541
"Long-Sleeve Logo Jersey, S",228,429,"49,99",21446
"Women's Mountain Shorts, S",474,304,"69,99",21277
Water Bottle - 30 oz.,477,4244,"4,99",21178
"Long-Sleeve Logo Jersey, XL",237,413,"49,99",20646
Mountain Bottle Cage,478,2025,"9,99",20230
"Short-Sleeve Classic Jersey, L",490,374,"53,99",20192
AWC Logo Cap,225,2190,"8,99",19688
"Road-650 Black, 60",334,28,"699,0982",19575
"Road-650 Red, 48",328,26,"699,0982",18177
Mountain Tire Tube,528,3095,"4,99",15444
Road Bottle Cage,479,1712,"8,99",15391
"Road-650 Black, 62",336,22,"699,0982",15380
"Road-650 Red, 44",326,22,"699,0982",15380
"Road-650 Black, 44",338,21,"699,0982",14681
"Road-650 Red, 52",330,20,"699,0982",13982
"Road-650 Red, 58",320,19,"699,0982",13283
"Classic Vest, M",472,199,"63,50",12637
"Road-650 Black, 58",332,18,"699,0982",12584
"Classic Vest, L",473,195,"63,50",12383
"Half-Finger Gloves, M",465,499,"24,49",12221
"Half-Finger Gloves, S",463,488,"24,49",11951
"Road-650 Red, 60",322,17,"699,0982",11885
"Road-650 Black, 48",340,17,"699,0982",11885
"Road-650 Red, 62",324,16,"699,0982",11186
"Half-Finger Gloves, L",467,443,"24,49",10849
"Classic Vest, S",471,168,"63,50",10668
Road Tire Tube,529,2376,"3,99",9480
Touring Tire Tube,530,1488,"4,99",7425
Patch Kit/8 Patches,480,3191,"2,29",7307
Bike Wash - Dissolver,484,908,"7,95",7219
"Racing Socks, M",481,298,"8,99",2679
"Racing Socks, L",482,270,"8,99",2427
Flat Washer 6,23,0,NULL,NULL
Thin-Jam Hex Nut 3,46,0,NULL,NULL
"Sport-100 Helmet, Black",215,0,NULL,NULL
HL Road Pedal,547,0,NULL,NULL
Hex Nut 20,69,0,NULL,NULL
HL Road Seat Assembly,192,0,NULL,NULL
HL Mountain Handlebars,401,0,NULL,NULL
"LL Mountain Frame - Silver, 42",524,0,NULL,NULL
Rear Derailleur,501,0,NULL,NULL
Rear Derailleur Cage,209,0,NULL,NULL
"Long-Sleeve Logo Jersey, L",232,0,NULL,NULL
"ML Road Frame - Red, 60",278,0,NULL,NULL
"Road-450 Red, 58",315,0,NULL,NULL
LL Nipple,169,0,NULL,NULL
"ML Road Frame-W - Yellow, 38",418,0,NULL,NULL
HL Road Rear Wheel,424,0,NULL,NULL
Lock Nut 20,132,0,NULL,NULL
"Half-Finger Gloves, M",464,0,NULL,NULL
"HL Road Frame - Black, 62",438,0,NULL,NULL
"LL Touring Frame - Yellow, 50",507,0,NULL,NULL
Thin-Jam Lock Nut 3,109,0,NULL,NULL
"Women's Tights, L",458,0,NULL,NULL
External Lock Washer 8,89,0,NULL,NULL
HL Touring Seat Assembly,195,0,NULL,NULL
BB Ball Bearing,3,0,NULL,NULL
"HL Road Frame - Red, 56",252,0,NULL,NULL
Lock Washer 13,146,0,NULL,NULL
Lock Washer 9,152,0,NULL,NULL
"HL Mountain Frame - Silver, 46",295,0,NULL,NULL
HL Mountain Pedal,544,0,NULL,NULL
"HL Road Frame - Black, 52",444,0,NULL,NULL
HL Mountain Seat Assembly,189,0,NULL,NULL
LL Touring Seat/Saddle,521,0,NULL,NULL
"Sport-100 Helmet, Red",212,0,NULL,NULL
"Long-Sleeve Logo Jersey, XL",235,0,NULL,NULL
Paint - Red,172,0,NULL,NULL
HL Mountain Rear Wheel,421,0,NULL,NULL
Hex Nut 10,66,0,NULL,NULL
"LL Mountain Frame - Silver, 52",527,0,NULL,NULL
"Long-Sleeve Logo Jersey, M",229,0,NULL,NULL
"ML Road Frame - Red, 48",275,0,NULL,NULL
"Road-450 Red, 48",318,0,NULL,NULL
Lock Nut 12,126,0,NULL,NULL
Flat Washer 4,26,0,NULL,NULL
"LL Road Frame - Red, 62",272,0,NULL,NULL
Lock Nut 10,129,0,NULL,NULL
"Men's Bib-Shorts, L",461,0,NULL,NULL
Thin-Jam Lock Nut 16,106,0,NULL,NULL
External Lock Washer 7,86,0,NULL,NULL
Hex Nut 12,63,0,NULL,NULL
LL Crankarm,6,0,NULL,NULL
"LL Road Frame - Black, 58",255,0,NULL,NULL
"LL Touring Frame - Blue, 58",504,0,NULL,NULL
LL Mountain Handlebars,398,0,NULL,NULL
Thin-Jam Hex Nut 16,43,0,NULL,NULL
"HL Mountain Frame - Silver, 48",292,0,NULL,NULL
"HL Road Frame - Black, 48",441,0,NULL,NULL
Thin-Jam Hex Nut 14,49,0,NULL,NULL
"HL Mountain Frame - Black, 42",298,0,NULL,NULL
Lock Washer 7,149,0,NULL,NULL
"LL Road Frame - Black, 62",261,0,NULL,NULL
"HL Road Frame - Red, 62",238,0,NULL,NULL
Internal Lock Washer 4,92,0,NULL,NULL
"ML Road Frame-W - Yellow, 40",430,0,NULL,NULL
Thin-Jam Lock Nut 12,115,0,NULL,NULL
Lock Nut 19,138,0,NULL,NULL
Metal Sheet 2,161,0,NULL,NULL
"LL Road Frame - Black, 48",284,0,NULL,NULL
HL Road Handlebars,407,0,NULL,NULL
Flat Washer 5,29,0,NULL,NULL
Paint - Yellow,175,0,NULL,NULL
"Sport-100 Helmet, Blue",221,0,NULL,NULL
"Full-Finger Gloves, L",470,0,NULL,NULL
Hex Nut 18,75,0,NULL,NULL
Seat Lug,201,0,NULL,NULL
Chainring Bolts,9,0,NULL,NULL
Decal 2,15,0,NULL,NULL
ML Mountain Rim,181,0,NULL,NULL
Metal Plate 2,158,0,NULL,NULL
LL Crankset,556,0,NULL,NULL
"HL Road Frame - Red, 48",244,0,NULL,NULL
"HL Mountain Frame - Black, 46",301,0,NULL,NULL
"LL Mountain Frame - Black, 40",550,0,NULL,NULL
Thin-Jam Hex Nut 12,52,0,NULL,NULL
"LL Touring Frame - Yellow, 62",493,0,NULL,NULL
Internal Lock Washer 7,95,0,NULL,NULL
"ML Mountain Frame - Black, 44",427,0,NULL,NULL
Hex Nut 14,72,0,NULL,NULL
LL Road Handlebars,404,0,NULL,NULL
Lock Nut 6,118,0,NULL,NULL
Taillights - Battery-Powered,450,0,NULL,NULL
"LL Road Frame - Black, 60",258,0,NULL,NULL
"LL Road Frame - Red, 48",264,0,NULL,NULL
"LL Road Frame - Black, 44",281,0,NULL,NULL
Head Tube,78,0,NULL,NULL
LL Mountain Front Wheel,410,0,NULL,NULL
"Mountain Bike Socks, M",218,0,NULL,NULL
Front Derailleur Cage,32,0,NULL,NULL
"Mountain-300 Black, 38",364,0,NULL,NULL
"ML Mountain Frame-W - Silver, 46",513,0,NULL,NULL
Crown Race,12,0,NULL,NULL
Cone-Shaped Race,178,0,NULL,NULL
"LL Touring Frame - Blue, 44",510,0,NULL,NULL
LL Grip Tape,35,0,NULL,NULL
"Mountain-300 Black, 48",367,0,NULL,NULL
"LL Mountain Frame - Black, 48",533,0,NULL,NULL
Metal Angle,155,0,NULL,NULL
Lock Nut 14,135,0,NULL,NULL
LL Touring Handlebars,553,0,NULL,NULL
Thin-Jam Lock Nut 14,112,0,NULL,NULL
Hex Nut 6,55,0,NULL,NULL
"HL Mountain Frame - Black, 38",304,0,NULL,NULL
"HL Road Frame - Red, 44",241,0,NULL,NULL
Internal Lock Washer 1,98,0,NULL,NULL
Cable Lock,447,0,NULL,NULL
LL Shell,198,0,NULL,NULL
ML Touring Seat/Saddle,522,0,NULL,NULL
Lock Washer 10,144,0,NULL,NULL
Metal Sheet 1,167,0,NULL,NULL
"HL Touring Frame - Blue, 54",499,0,NULL,NULL
"Men's Sports Shorts, M",453,0,NULL,NULL
"HL Mountain Frame - Silver, 38",307,0,NULL,NULL
ML Road Rim,184,0,NULL,NULL
"LL Road Frame - Red, 52",267,0,NULL,NULL
ML Mountain Seat/Saddle,516,0,NULL,NULL
"Long-Sleeve Logo Jersey, M",230,0,NULL,NULL
Freewheel,21,0,NULL,NULL
Lock Nut 7,121,0,NULL,NULL
Lock Nut 13,127,0,NULL,NULL
"LL Road Frame - Red, 62",273,0,NULL,NULL
"HL Road Frame - Red, 56",250,0,NULL,NULL
Hex Nut 7,58,0,NULL,NULL
Keyed Washer,81,0,NULL,NULL
LL Road Front Wheel,413,0,NULL,NULL
"ML Road Frame-W - Yellow, 48",436,0,NULL,NULL
Hex Nut 13,64,0,NULL,NULL
Thin-Jam Hex Nut 9,38,0,NULL,NULL
Thin-Jam Lock Nut 9,101,0,NULL,NULL
Top Tube,207,0,NULL,NULL
Thin-Jam Hex Nut 5,44,0,NULL,NULL
"HL Mountain Frame - Silver, 46",293,0,NULL,NULL
HL Fork,393,0,NULL,NULL
Adjustable Race,1,0,NULL,NULL
LL Mountain Pedal,542,0,NULL,NULL
Lower Head Race,141,0,NULL,NULL
LL Mountain Seat Assembly,187,0,NULL,NULL
Metal Sheet 4,164,0,NULL,NULL
"LL Road Frame - Black, 52",287,0,NULL,NULL
"LL Touring Frame - Blue, 50",502,0,NULL,NULL
"HL Road Frame - Black, 58",210,0,NULL,NULL
"Women's Tights, S",456,0,NULL,NULL
Road End Caps,18,0,NULL,NULL
"LL Road Frame - Red, 60",270,0,NULL,NULL
ML Road Seat/Saddle,519,0,NULL,NULL
AWC Logo Cap,224,0,NULL,NULL
Lock Nut 22,124,0,NULL,NULL
"HL Road Frame - Black, 44",439,0,NULL,NULL
External Lock Washer 9,84,0,NULL,NULL
Touring Front Wheel,416,0,NULL,NULL
"Long-Sleeve Logo Jersey, S",227,0,NULL,NULL
Chain,559,0,NULL,NULL
Steerer,204,0,NULL,NULL
ML Bottom Bracket,602,0,NULL,NULL
"Men's Bib-Shorts, S",459,0,NULL,NULL
Hex Nut 22,61,0,NULL,NULL
"ML Road Frame-W - Yellow, 44",433,0,NULL,NULL
Thin-Jam Hex Nut 2,41,0,NULL,NULL
"HL Mountain Frame - Silver, 42",290,0,NULL,NULL
Thin-Jam Lock Nut 2,104,0,NULL,NULL
"HL Touring Frame - Yellow, 54",496,0,NULL,NULL
Lock Washer 8,147,0,NULL,NULL
HL Headset,396,0,NULL,NULL
"HL Road Frame - Red, 52",247,0,NULL,NULL
LL Road Seat Assembly,190,0,NULL,NULL
"Sport-100 Helmet, Red",213,0,NULL,NULL
LL Road Pedal,545,0,NULL,NULL
"Long-Sleeve Logo Jersey, XL",236,0,NULL,NULL
ML Road Handlebars,405,0,NULL,NULL
"LL Road Frame - Black, 62",259,0,NULL,NULL
Thin-Jam Lock Nut 7,113,0,NULL,NULL
LL Road Rear Wheel,422,0,NULL,NULL
Hex Nut 11,67,0,NULL,NULL
Flat Washer 3,27,0,NULL,NULL
"ML Road Frame - Red, 52",276,0,NULL,NULL
"Road-450 Red, 52",319,0,NULL,NULL
Paint - Silver,173,0,NULL,NULL
"Full-Finger Gloves, S",468,0,NULL,NULL
Thin-Jam Lock Nut 5,107,0,NULL,NULL
Metal Bar 1,156,0,NULL,NULL
Lock Nut 11,130,0,NULL,NULL
"Half-Finger Gloves, S",462,0,NULL,NULL
External Lock Washer 6,87,0,NULL,NULL
"LL Touring Frame - Blue, 62",505,0,NULL,NULL
"LL Road Frame - Black, 60",256,0,NULL,NULL
ML Mountain Handlebars,399,0,NULL,NULL
ML Crankarm,7,0,NULL,NULL
LL Touring Seat Assembly,193,0,NULL,NULL
"HL Road Frame - Black, 48",442,0,NULL,NULL
"HL Mountain Frame - Black, 44",299,0,NULL,NULL
Lock Washer 12,150,0,NULL,NULL
Thin-Jam Hex Nut 7,50,0,NULL,NULL
Flat Washer 2,24,0,NULL,NULL
Thin-Jam Hex Nut 4,47,0,NULL,NULL
Hex Nut 21,70,0,NULL,NULL
"HL Road Frame - Red, 62",239,0,NULL,NULL
HL Mountain Handlebars,402,0,NULL,NULL
Internal Lock Washer 9,93,0,NULL,NULL
"Sport-100 Helmet, Black",216,0,NULL,NULL
Touring Rear Wheel,425,0,NULL,NULL
Touring Pedal,548,0,NULL,NULL
"LL Mountain Frame - Silver, 44",525,0,NULL,NULL
"Long-Sleeve Logo Jersey, L",233,0,NULL,NULL
Flat Washer 7,30,0,NULL,NULL
"LL Road Frame - Black, 44",279,0,NULL,NULL
"Road-450 Red, 60",316,0,NULL,NULL
HL Nipple,170,0,NULL,NULL
Pinch Bolt,176,0,NULL,NULL
LL Mountain Rear Wheel,419,0,NULL,NULL
Lock Washer 3,153,0,NULL,NULL
Thin-Jam Lock Nut 4,110,0,NULL,NULL
Chainring Nut,10,0,NULL,NULL
Lock Nut 21,133,0,NULL,NULL
"LL Touring Frame - Yellow, 54",508,0,NULL,NULL
LL Spindle/Axle,196,0,NULL,NULL
"Men's Sports Shorts, S",445,0,NULL,NULL
External Lock Washer 2,90,0,NULL,NULL
"LL Mountain Frame - Silver, 40",551,0,NULL,NULL
"LL Road Frame - Black, 58",253,0,NULL,NULL
Headset Ball Bearings,4,0,NULL,NULL
"HL Mountain Frame - Black, 42",296,0,NULL,NULL
Lock Nut 16,119,0,NULL,NULL
Headlights - Dual-Beam,451,0,NULL,NULL
Internal Lock Washer 6,96,0,NULL,NULL
"ML Mountain Frame - Black, 48",428,0,NULL,NULL
Lock Washer 4,142,0,NULL,NULL
"LL Road Frame - Black, 48",282,0,NULL,NULL
"HL Mountain Frame - Silver, 42",288,0,NULL,NULL
"HL Mountain Frame - Black, 38",305,0,NULL,NULL
"Mountain Bike Socks, L",219,0,NULL,NULL
LL Hub,79,0,NULL,NULL
ML Mountain Front Wheel,411,0,NULL,NULL
"LL Road Frame - Red, 48",265,0,NULL,NULL
"Mountain-300 Black, 40",365,0,NULL,NULL
Rear Brakes,514,0,NULL,NULL
Hex Nut 15,73,0,NULL,NULL
ML Grip Tape,36,0,NULL,NULL
"LL Mountain Frame - Black, 52",534,0,NULL,NULL
LL Fork,391,0,NULL,NULL
Reflector,179,0,NULL,NULL
"ML Mountain Frame-W - Silver, 40",511,0,NULL,NULL
Seat Stays,205,0,NULL,NULL
Chain Stays,13,0,NULL,NULL
Lock Nut 15,136,0,NULL,NULL
HL Touring Handlebars,554,0,NULL,NULL
"ML Road Frame-W - Yellow, 44",434,0,NULL,NULL
"HL Road Frame - Red, 44",242,0,NULL,NULL
Hex Nut 16,56,0,NULL,NULL
HL Shell,199,0,NULL,NULL
Minipump,448,0,NULL,NULL
Internal Lock Washer 8,99,0,NULL,NULL
"LL Road Frame - Black, 52",285,0,NULL,NULL
"LL Road Frame - Red, 44",262,0,NULL,NULL
Thin-Jam Lock Nut 11,116,0,NULL,NULL
"Men's Sports Shorts, L",454,0,NULL,NULL
Lock Nut 18,139,0,NULL,NULL
Metal Sheet 3,162,0,NULL,NULL
HL Road Handlebars,408,0,NULL,NULL
"HL Mountain Frame - Silver, 38",308,0,NULL,NULL
"ML Road Frame-W - Yellow, 42",431,0,NULL,NULL
Lock Nut 8,122,0,NULL,NULL
Hex Nut 19,76,0,NULL,NULL
HL Mountain Seat/Saddle,517,0,NULL,NULL
Stem,202,0,NULL,NULL
Hex Nut 8,59,0,NULL,NULL
ML Crankset,557,0,NULL,NULL
Front Derailleur Linkage,33,0,NULL,NULL
Thin-Jam Hex Nut 10,39,0,NULL,NULL
"LL Mountain Frame - Black, 42",531,0,NULL,NULL
Down Tube,16,0,NULL,NULL
HL Mountain Rim,182,0,NULL,NULL
Metal Plate 1,159,0,NULL,NULL
Thin-Jam Hex Nut 11,53,0,NULL,NULL
"HL Mountain Frame - Black, 46",302,0,NULL,NULL
"HL Road Frame - Red, 48",245,0,NULL,NULL
"HL Touring Frame - Yellow, 46",494,0,NULL,NULL
Metal Sheet 5,165,0,NULL,NULL
"HL Touring Frame - Blue, 46",497,0,NULL,NULL
"HL Road Frame - Red, 58",211,0,NULL,NULL
ML Mountain Seat Assembly,188,0,NULL,NULL
"LL Touring Frame - Blue, 54",503,0,NULL,NULL
Lock Nut 23,125,0,NULL,NULL
"Women's Tights, M",457,0,NULL,NULL
Hex Nut 1,65,0,NULL,NULL
Touring End Caps,19,0,NULL,NULL
"Road-450 Red, 44",317,0,NULL,NULL
HL Road Seat/Saddle,520,0,NULL,NULL
Paint - Black,171,0,NULL,NULL
ML Mountain Rear Wheel,420,0,NULL,NULL
Flat Washer 9,25,0,NULL,NULL
"LL Road Frame - Red, 60",271,0,NULL,NULL
"HL Road Frame - Black, 44",440,0,NULL,NULL
Thin-Jam Lock Nut 15,105,0,NULL,NULL
"Men's Bib-Shorts, M",460,0,NULL,NULL
External Lock Washer 5,85,0,NULL,NULL
Hex Nut 23,62,0,NULL,NULL
HL Bottom Bracket,603,0,NULL,NULL
Thin-Jam Hex Nut 15,42,0,NULL,NULL
"HL Mountain Frame - Silver, 44",291,0,NULL,NULL
LL Mountain Handlebars,397,0,NULL,NULL
Blade,5,0,NULL,NULL
"LL Road Frame - Black, 58",254,0,NULL,NULL
"HL Road Frame - Red, 52",248,0,NULL,NULL
Lock Washer 1,148,0,NULL,NULL
ML Road Pedal,546,0,NULL,NULL
Metal Tread Plate,168,0,NULL,NULL
"HL Touring Frame - Blue, 60",500,0,NULL,NULL
ML Road Seat Assembly,191,0,NULL,NULL
HL Touring Seat/Saddle,523,0,NULL,NULL
HL Road Rim,185,0,NULL,NULL
"LL Road Frame - Red, 58",268,0,NULL,NULL
Lock Nut 1,128,0,NULL,NULL
Flat Washer 1,22,0,NULL,NULL
"ML Road Frame-W - Yellow, 38",417,0,NULL,NULL
Thin-Jam Lock Nut 6,108,0,NULL,NULL
"ML Road Frame - Red, 44",274,0,NULL,NULL
External Lock Washer 3,82,0,NULL,NULL
"HL Road Frame - Red, 56",251,0,NULL,NULL
ML Road Front Wheel,414,0,NULL,NULL
"HL Road Frame - Black, 62",437,0,NULL,NULL
External Lock Washer 1,88,0,NULL,NULL
Tension Pulley,208,0,NULL,NULL
Thin-Jam Lock Nut 10,102,0,NULL,NULL
ML Mountain Handlebars,400,0,NULL,NULL
Thin-Jam Hex Nut 6,45,0,NULL,NULL
"HL Mountain Frame - Silver, 46",294,0,NULL,NULL
ML Mountain Pedal,543,0,NULL,NULL
Lock Washer 6,145,0,NULL,NULL
Bearing Ball,2,0,NULL,NULL
LL Headset,394,0,NULL,NULL
Thin-Jam Hex Nut 13,48,0,NULL,NULL
Hex Nut 3,71,0,NULL,NULL
LL Road Handlebars,403,0,NULL,NULL
Internal Lock Washer 5,94,0,NULL,NULL
"ML Mountain Frame - Black, 40",426,0,NULL,NULL
Lock Nut 5,117,0,NULL,NULL
"HL Road Frame - Red, 62",240,0,NULL,NULL
Mountain Pump,449,0,NULL,NULL
"ML Mountain Frame-W - Silver, 38",549,0,NULL,NULL
"LL Mountain Frame - Silver, 48",526,0,NULL,NULL
"LL Road Frame - Black, 60",257,0,NULL,NULL
"LL Road Frame - Black, 44",280,0,NULL,NULL
Fork Crown,31,0,NULL,NULL
"Half-Finger Gloves, L",466,0,NULL,NULL
"HL Mountain Frame - Black, 42",297,0,NULL,NULL
Cup-Shaped Race,177,0,NULL,NULL
"LL Touring Frame - Yellow, 58",509,0,NULL,NULL
Lock Washer 11,154,0,NULL,NULL
Lock Nut 3,134,0,NULL,NULL
"LL Mountain Frame - Black, 44",532,0,NULL,NULL
Chainring,11,0,NULL,NULL
Thin-Jam Lock Nut 13,111,0,NULL,NULL
Hex Nut 5,54,0,NULL,NULL
"HL Mountain Frame - Black, 46",303,0,NULL,NULL
Front Derailleur,552,0,NULL,NULL
"Touring-Panniers, Large",446,0,NULL,NULL
Internal Lock Washer 3,91,0,NULL,NULL
HL Spindle/Axle,197,0,NULL,NULL
"LL Road Frame - Black, 62",260,0,NULL,NULL
"ML Road Frame-W - Yellow, 40",429,0,NULL,NULL
"LL Road Frame - Black, 48",283,0,NULL,NULL
ML Road Handlebars,406,0,NULL,NULL
"Sport-100 Helmet, Blue",220,0,NULL,NULL
"Full-Finger Gloves, M",469,0,NULL,NULL
Thin-Jam Lock Nut 8,114,0,NULL,NULL
ML Road Rear Wheel,423,0,NULL,NULL
Hex Nut 2,68,0,NULL,NULL
"ML Road Frame - Red, 58",277,0,NULL,NULL
Flat Washer 8,28,0,NULL,NULL
"Mountain-300 Black, 44",366,0,NULL,NULL
Paint - Blue,174,0,NULL,NULL
Hex Nut 4,74,0,NULL,NULL
Lock Nut 2,131,0,NULL,NULL
"ML Mountain Frame-W - Silver, 42",512,0,NULL,NULL
Metal Bar 2,157,0,NULL,NULL
"LL Touring Frame - Yellow, 44",506,0,NULL,NULL
Lock Nut 4,137,0,NULL,NULL
HL Crankarm,8,0,NULL,NULL
Thin-Jam Hex Nut 8,51,0,NULL,NULL
"HL Mountain Frame - Black, 48",300,0,NULL,NULL
Lock Washer 2,151,0,NULL,NULL
ML Touring Seat Assembly,194,0,NULL,NULL
Spokes,200,0,NULL,NULL
"HL Road Frame - Black, 52",443,0,NULL,NULL
"HL Mountain Frame - Silver, 38",309,0,NULL,NULL
"LL Road Frame - Black, 52",286,0,NULL,NULL
"LL Road Frame - Red, 44",263,0,NULL,NULL
Lock Ring,140,0,NULL,NULL
Metal Sheet 7,163,0,NULL,NULL
Touring Rim,186,0,NULL,NULL
"ML Road Frame-W - Yellow, 42",432,0,NULL,NULL
"Men's Sports Shorts, XL",455,0,NULL,NULL
Handlebar Tube,77,0,NULL,NULL
"ML Mountain Frame - Black, 38",409,0,NULL,NULL
Mountain End Caps,17,0,NULL,NULL
AWC Logo Cap,223,0,NULL,NULL
"LL Road Frame - Red, 58",269,0,NULL,NULL
LL Road Seat/Saddle,518,0,NULL,NULL
Lock Nut 9,123,0,NULL,NULL
Hex Nut 9,60,0,NULL,NULL
"Long-Sleeve Logo Jersey, S",226,0,NULL,NULL
HL Crankset,558,0,NULL,NULL
External Lock Washer 4,83,0,NULL,NULL
HL Road Front Wheel,415,0,NULL,NULL
Seat Post,203,0,NULL,NULL
Guide Pulley,34,0,NULL,NULL
Thin-Jam Hex Nut 1,40,0,NULL,NULL
LL Road Rim,183,0,NULL,NULL
LL Bottom Bracket,601,0,NULL,NULL
Metal Plate 3,160,0,NULL,NULL
Thin-Jam Lock Nut 1,103,0,NULL,NULL
"HL Mountain Frame - Silver, 42",289,0,NULL,NULL
ML Headset,395,0,NULL,NULL
"HL Touring Frame - Yellow, 50",495,0,NULL,NULL
Internal Lock Washer 10,97,0,NULL,NULL
"HL Road Frame - Red, 48",246,0,NULL,NULL
Lock Washer 5,143,0,NULL,NULL
Lock Nut 17,120,0,NULL,NULL
Headlights - Weatherproof,452,0,NULL,NULL
Metal Sheet 6,166,0,NULL,NULL
"HL Touring Frame - Blue, 50",498,0,NULL,NULL
"HL Mountain Frame - Black, 38",306,0,NULL,NULL
Fork End,20,0,NULL,NULL
"LL Road Frame - Red, 52",266,0,NULL,NULL
HL Hub,80,0,NULL,NULL
HL Mountain Front Wheel,412,0,NULL,NULL
LL Mountain Seat/Saddle,515,0,NULL,NULL
ML Fork,392,0,NULL,NULL
"HL Road Frame - Red, 52",249,0,NULL,NULL
LL Mountain Rim,180,0,NULL,NULL
Hex Nut 17,57,0,NULL,NULL
Front Brakes,555,0,NULL,NULL
Seat Tube,206,0,NULL,NULL
Decal 1,14,0,NULL,NULL
HL Grip Tape,37,0,NULL,NULL
"HL Road Frame - Red, 44",243,0,NULL,NULL
"ML Road Frame-W - Yellow, 48",435,0,NULL,NULL
Internal Lock Washer 2,100,0,NULL,NULL
"HL Touring Frame - Yellow, 60",492,0,NULL,NULL
